[{"name":"middleware","description":null,"location":"middleware/index.html","searchKeys":["middleware"]},{"name":"com.fundadminchain.middleware","description":null,"location":"middleware/com.fundadminchain.middleware/index.html","searchKeys":["com.fundadminchain.middleware"]},{"name":"AmqpUtils","description":null,"location":"middleware/com.fundadminchain.middleware/-amqp-utils/index.html","searchKeys":["AmqpUtils"]},{"name":"Base58","description":null,"location":"middleware/com.fundadminchain.middleware/-base58/index.html","searchKeys":["Base58"]},{"name":"DBUtils","description":null,"location":"middleware/com.fundadminchain.middleware/-d-b-utils/index.html","searchKeys":["DBUtils"]},{"name":"end()","description":null,"location":"middleware/com.fundadminchain.middleware/end.html","searchKeys":["end()"]},{"name":"endWithJson()","description":null,"location":"middleware/com.fundadminchain.middleware/end-with-json.html","searchKeys":["endWithJson()"]},{"name":"EventBusUtils","description":null,"location":"middleware/com.fundadminchain.middleware/-event-bus-utils/index.html","searchKeys":["EventBusUtils"]},{"name":"ExchangeSummary","description":null,"location":"middleware/com.fundadminchain.middleware/-exchange-summary/index.html","searchKeys":["ExchangeSummary"]},{"name":"FAC_FIVE","description":null,"location":"middleware/com.fundadminchain.middleware/-f-a-c_-f-i-v-e.html","searchKeys":["FAC_FIVE"]},{"name":"FAC_NEGATIVE_ONE","description":null,"location":"middleware/com.fundadminchain.middleware/-f-a-c_-n-e-g-a-t-i-v-e_-o-n-e.html","searchKeys":["FAC_NEGATIVE_ONE"]},{"name":"FAC_ONE","description":null,"location":"middleware/com.fundadminchain.middleware/-f-a-c_-o-n-e.html","searchKeys":["FAC_ONE"]},{"name":"FAC_ONE_HUNDRED","description":null,"location":"middleware/com.fundadminchain.middleware/-f-a-c_-o-n-e_-h-u-n-d-r-e-d.html","searchKeys":["FAC_ONE_HUNDRED"]},{"name":"FAC_ONE_MILLION","description":null,"location":"middleware/com.fundadminchain.middleware/-f-a-c_-o-n-e_-m-i-l-l-i-o-n.html","searchKeys":["FAC_ONE_MILLION"]},{"name":"FAC_PRECISION","description":null,"location":"middleware/com.fundadminchain.middleware/-f-a-c_-p-r-e-c-i-s-i-o-n.html","searchKeys":["FAC_PRECISION"]},{"name":"FAC_ROUNDING","description":null,"location":"middleware/com.fundadminchain.middleware/-f-a-c_-r-o-u-n-d-i-n-g.html","searchKeys":["FAC_ROUNDING"]},{"name":"FAC_SCALE","description":null,"location":"middleware/com.fundadminchain.middleware/-f-a-c_-s-c-a-l-e.html","searchKeys":["FAC_SCALE"]},{"name":"FAC_TEN","description":null,"location":"middleware/com.fundadminchain.middleware/-f-a-c_-t-e-n.html","searchKeys":["FAC_TEN"]},{"name":"FAC_TWO","description":null,"location":"middleware/com.fundadminchain.middleware/-f-a-c_-t-w-o.html","searchKeys":["FAC_TWO"]},{"name":"FAC_ZERO","description":null,"location":"middleware/com.fundadminchain.middleware/-f-a-c_-z-e-r-o.html","searchKeys":["FAC_ZERO"]},{"name":"FACNumberDeserializer","description":null,"location":"middleware/com.fundadminchain.middleware/-f-a-c-number-deserializer/index.html","searchKeys":["FACNumberDeserializer"]},{"name":"fail()","description":null,"location":"middleware/com.fundadminchain.middleware/fail.html","searchKeys":["fail()"]},{"name":"generateQueueName()","description":null,"location":"middleware/com.fundadminchain.middleware/generate-queue-name.html","searchKeys":["generateQueueName()"]},{"name":"getPageRanges()","description":null,"location":"middleware/com.fundadminchain.middleware/get-page-ranges.html","searchKeys":["getPageRanges()"]},{"name":"HttpCode","description":null,"location":"middleware/com.fundadminchain.middleware/-http-code/index.html","searchKeys":["HttpCode"]},{"name":"BAD_REQUEST","description":null,"location":"middleware/com.fundadminchain.middleware/-http-code/-b-a-d_-r-e-q-u-e-s-t/index.html","searchKeys":["BAD_REQUEST"]},{"name":"CLOSED_ACCOUNT","description":null,"location":"middleware/com.fundadminchain.middleware/-http-code/-c-l-o-s-e-d_-a-c-c-o-u-n-t/index.html","searchKeys":["CLOSED_ACCOUNT"]},{"name":"CREATED","description":null,"location":"middleware/com.fundadminchain.middleware/-http-code/-c-r-e-a-t-e-d/index.html","searchKeys":["CREATED"]},{"name":"FAIL","description":null,"location":"middleware/com.fundadminchain.middleware/-http-code/-f-a-i-l/index.html","searchKeys":["FAIL"]},{"name":"NO_CONTENT","description":null,"location":"middleware/com.fundadminchain.middleware/-http-code/-n-o_-c-o-n-t-e-n-t/index.html","searchKeys":["NO_CONTENT"]},{"name":"NOT_FOUND","description":null,"location":"middleware/com.fundadminchain.middleware/-http-code/-n-o-t_-f-o-u-n-d/index.html","searchKeys":["NOT_FOUND"]},{"name":"SUCCESS","description":null,"location":"middleware/com.fundadminchain.middleware/-http-code/-s-u-c-c-e-s-s/index.html","searchKeys":["SUCCESS"]},{"name":"loggerFor()","description":null,"location":"middleware/com.fundadminchain.middleware/logger-for.html","searchKeys":["loggerFor()"]},{"name":"MainVerticle","description":null,"location":"middleware/com.fundadminchain.middleware/-main-verticle/index.html","searchKeys":["MainVerticle"]},{"name":"NetworkHostAndPort","description":null,"location":"middleware/com.fundadminchain.middleware/-network-host-and-port/index.html","searchKeys":["NetworkHostAndPort"]},{"name":"NodeConfig","description":null,"location":"middleware/com.fundadminchain.middleware/-node-config/index.html","searchKeys":["NodeConfig"]},{"name":"NodeType","description":null,"location":"middleware/com.fundadminchain.middleware/-node-type/index.html","searchKeys":["NodeType"]},{"name":"DUMMY_BANK","description":null,"location":"middleware/com.fundadminchain.middleware/-node-type/-d-u-m-m-y_-b-a-n-k/index.html","searchKeys":["DUMMY_BANK"]},{"name":"TTP","description":null,"location":"middleware/com.fundadminchain.middleware/-node-type/-t-t-p/index.html","searchKeys":["TTP"]},{"name":"NULL_UUID","description":null,"location":"middleware/com.fundadminchain.middleware/-n-u-l-l_-u-u-i-d.html","searchKeys":["NULL_UUID"]},{"name":"NumberUtils","description":null,"location":"middleware/com.fundadminchain.middleware/-number-utils/index.html","searchKeys":["NumberUtils"]},{"name":"Pagination","description":null,"location":"middleware/com.fundadminchain.middleware/-pagination/index.html","searchKeys":["Pagination"]},{"name":"parseUUID()","description":null,"location":"middleware/com.fundadminchain.middleware/parse-u-u-i-d.html","searchKeys":["parseUUID()"]},{"name":"Payment","description":null,"location":"middleware/com.fundadminchain.middleware/-payment/index.html","searchKeys":["Payment"]},{"name":"PaymentApproving","description":null,"location":"middleware/com.fundadminchain.middleware/-payment-approving/index.html","searchKeys":["PaymentApproving"]},{"name":"PaymentReferenceIdGenerator","description":null,"location":"middleware/com.fundadminchain.middleware/-payment-reference-id-generator/index.html","searchKeys":["PaymentReferenceIdGenerator"]},{"name":"PaymentsCount","description":null,"location":"middleware/com.fundadminchain.middleware/-payments-count/index.html","searchKeys":["PaymentsCount"]},{"name":"PushEvent","description":null,"location":"middleware/com.fundadminchain.middleware/-push-event/index.html","searchKeys":["PushEvent"]},{"name":"rxJsonDecodeValue()","description":null,"location":"middleware/com.fundadminchain.middleware/rx-json-decode-value.html","searchKeys":["rxJsonDecodeValue()"]},{"name":"Summary","description":null,"location":"middleware/com.fundadminchain.middleware/-summary/index.html","searchKeys":["Summary"]},{"name":"TTP","description":null,"location":"middleware/com.fundadminchain.middleware/-t-t-p/index.html","searchKeys":["TTP"]},{"name":"TTPDBService","description":null,"location":"middleware/com.fundadminchain.middleware/-t-t-p-d-b-service/index.html","searchKeys":["TTPDBService"]},{"name":"com.fundadminchain.middleware.models","description":null,"location":"middleware/com.fundadminchain.middleware.models/index.html","searchKeys":["com.fundadminchain.middleware.models"]},{"name":"ITTPMessage","description":null,"location":"middleware/com.fundadminchain.middleware.models/-i-t-t-p-message/index.html","searchKeys":["ITTPMessage"]},{"name":"RequestAction","description":null,"location":"middleware/com.fundadminchain.middleware.models/-request-action/index.html","searchKeys":["RequestAction"]},{"name":"ResponseAction","description":null,"location":"middleware/com.fundadminchain.middleware.models/-response-action/index.html","searchKeys":["ResponseAction"]},{"name":"TransactionStatus","description":null,"location":"middleware/com.fundadminchain.middleware.models/-transaction-status/index.html","searchKeys":["TransactionStatus"]},{"name":"TTPBalanceIssue","description":null,"location":"middleware/com.fundadminchain.middleware.models/-t-t-p-balance-issue/index.html","searchKeys":["TTPBalanceIssue"]},{"name":"TTPTransferIssue","description":null,"location":"middleware/com.fundadminchain.middleware.models/-t-t-p-transfer-issue/index.html","searchKeys":["TTPTransferIssue"]}]
